name,status,species,type,gender
Rick Sanchez,Alive,Human,,Male
Morty Smith,Alive,Human,,Male
Summer Smith,Alive,Human,,Female
Beth Smith,Alive,Human,,Female
Jerry Smith,Alive,Human,,Male
Abadango Cluster Princess,Alive,Alien,,Female
Abradolf Lincler,unknown,Human,Genetic experiment,Male
Adjudicator Rick,Dead,Human,,Male
Agency Director,Dead,Human,,Male
Alan Rails,Dead,Human,Superhuman (Ghost trains summoner),Male
Albert Einstein,Dead,Human,,Male
Alexander,Dead,Human,,Male
Alien Googah,unknown,Alien,,unknown
Alien Morty,unknown,Alien,,Male
Alien Rick,unknown,Alien,,Male
Amish Cyborg,Dead,Alien,Parasite,Male
Annie,Alive,Human,,Female
Antenna Morty,Alive,Human,Human with antennae,Male
Antenna Rick,unknown,Human,Human with antennae,Male
Ants in my Eyes Johnson,unknown,Human,Human with ants in his eyes,Male
Aqua Morty,unknown,Humanoid,Fish-Person,Male
Aqua Rick,unknown,Humanoid,Fish-Person,Male
Arcade Alien,unknown,Alien,,Male
Armagheadon,Alive,Alien,Cromulon,Male
Armothy,Dead,unknown,Self-aware arm,Male
Arthricia,Alive,Alien,Cat-Person,Female
Artist Morty,Alive,Human,,Male
Attila Starwar,Alive,Human,,Male
Baby Legs,Alive,Human,Human with baby legs,Male
Baby Poopybutthole,Alive,Poopybutthole,,Male
Baby Wizard,Dead,Alien,Parasite,Male
Bearded Lady,Dead,Alien,Parasite,Female
Beebo,Dead,Alien,,Male
Benjamin,Alive,Poopybutthole,,Male
Bepisian,Alive,Alien,Bepisian,unknown
Beta-Seven,Alive,Alien,Hivemind,unknown
Beth Sanchez,Alive,Human,,Female
Beth Smith,Alive,Human,,Female
Beth Smith,Alive,Human,,Female
Beth's Mytholog,Dead,Mythological Creature,Mytholog,Female
Big Boobed Waitress,Alive,Mythological Creature,,Female
Big Head Morty,unknown,Human,Human with giant head,Male
Big Morty,Dead,Human,,Male
Body Guard Morty,Dead,Human,,Male
Bill,Alive,Human,,Male
Bill,unknown,Animal,Dog,Male
Birdperson,Alive,Alien,Bird-Person,Male
Black Rick,Alive,Human,,Male
Blamph,Alive,Alien,,unknown
Blim Blam,Alive,Alien,Korblock,Male
Blue Diplomat,Alive,Alien,,Male
Blue Footprint Guy,Dead,Human,,Male
Blue Shirt Morty,unknown,Human,,Male
Bobby Moynihan,Alive,Human,,Male
Boobloosian,Dead,Alien,Boobloosian,unknown
Bootleg Portal Chemist Rick,Dead,Human,,Male
Borpocian,Alive,Alien,Elephant-Person,Male
Brad,Alive,Human,,Male
Brad Anderson,Dead,Human,,Male
Calypso,Dead,Human,Superhuman,Female
Campaign Manager Morty,Dead,Human,,Male
Canklanker Thom,Dead,Alien,Gromflomite,Male
Centaur,Alive,Mythological Creature,Centaur,Male
Chris,Dead,Alien,Organic gun,unknown
Chris,Alive,Humanoid,Microverse inhabitant,Male
Coach Feratu (Balik Alistane),Dead,Mythological Creature,Vampire,Male
Collector,Alive,Alien,Light bulb-Alien,Male
Colossus,Dead,Human,,Male
Commander Rick,Dead,Human,,Male
Concerto,Dead,Humanoid,,Male
Conroy,Dead,Robot,,unknown
Cool Rick,Alive,Human,,Male
Cop Morty,Dead,Human,,Male
Cop Rick,Alive,Human,,Male
Courier Flap,Alive,Alien,,unknown
Cousin Nicky,Dead,Alien,Parasite,Male
Cowboy Morty,Alive,Human,,Male
Cowboy Rick,Alive,Human,,Male
Crab Spider,Alive,Alien,Animal,unknown
Creepy Little Girl,Alive,Human,,Female
Crocubot,Dead,Animal,Robot-Crocodile hybrid,Male
Cronenberg Rick,unknown,Cronenberg,,Male
Cronenberg Morty,unknown,Cronenberg,,Male
Cult Leader Morty,Alive,Human,,Male
Cyclops Morty,Alive,Humanoid,,Male
Cyclops Rick,Dead,Humanoid,,Male
Cynthia,Dead,Alien,Zigerion,Female
Cynthia,Alive,Human,,Female
Dale,Dead,Mythological Creature,Giant,Male
Daron Jefferson,Alive,Alien,Cone-nippled alien,Male
David Letterman,Alive,Human,,Male
Davin,Dead,Human,,Male
Diablo Verde,Dead,Mythological Creature,Demon,Male
Diane Sanchez,Dead,Human,,Female
Dipper and Mabel Mortys,unknown,Human,,unknown
Tuberculosis,Dead,Disease,,unknown
Gonorrhea,Dead,Disease,,unknown
Hepatitis A,Dead,Disease,,unknown
Hepatitis C,Dead,Disease,,unknown
Bubonic Plague,Dead,Disease,,unknown
E. Coli,Dead,Disease,,unknown
Donna Gueterman,Dead,Robot,,Female
Doofus Rick,unknown,Human,,Male
Doom-Nomitron,Dead,Alien,Shapeshifter,unknown
Dr. Glip-Glop,Dead,Alien,,Male
Dr. Schmidt,unknown,Human,Game,Male
Dr. Wong,Alive,Human,,Female
Dr. Xenon Bloom,Dead,Humanoid,Amoeba-Person,Male
Duck With Muscles,Dead,Alien,Parasite,Male
Eli,Alive,Human,,Male
Eli's Girlfriend,Alive,Human,,Female
Eric McMan,Alive,Human,,Male
Eric Stoltz Mask Morty,unknown,Human,,Male
Ethan,unknown,Human,Cronenberg,Male
Ethan,Alive,Human,,Male
Evil Beth Clone,Dead,Human,Clone,Female
Evil Jerry Clone,Dead,Human,Clone,Male
Evil Morty,Alive,Human,,Male
Evil Rick,Dead,Humanoid,Robot,Male
Evil Summer Clone,Dead,Human,Clone,Female
Eyehole Man,Alive,Alien,,Male
Fart,Dead,Alien,Interdimensional gaseous being,Male
Fat Morty,Alive,Human,,Male
Father Bob,Alive,Human,,Male
Flansian,Alive,Alien,Flansian,unknown
Fleeb,unknown,Alien,,unknown
Frank Palicky,Dead,Human,,Male
Frankenstein's Monster,Dead,Alien,Parasite,Male
Fulgora,Alive,Human,,Female
Galactic Federation President,Dead,Alien,Gromflomite,Male
Gar Gloonch,Dead,Alien,Zombodian,Male
Gar's Mytholog,Dead,Mythological Creature,Mytholog,Male
Garblovian,Alive,Alien,Garblovian,Male
Garmanarnar,Alive,Alien,,Male
Garment District Rick,Dead,Human,,Male
Gazorpazorpfield,Alive,Alien,Gazorpian,Male
Gene,Alive,Human,,Male
General Nathan,Dead,Human,,Male
General Store Owner,Dead,Alien,Cat-Person,Male
Genital Washer,Alive,Human,,Male
Ghost in a Jar,Dead,Alien,Parasite,Genderless
Gibble Snake,Dead,Alien,Animal,unknown
Glasses Morty,Alive,Human,,Male
Glenn,Dead,Alien,Gromflomite,Male
Glenn,Alive,Human,Eat shiter-Person,Male
Glexo Slim Slom,Alive,Alien,,Male
Gobo,Dead,Alien,,Male
Goddess Beth,unknown,Mythological Creature,Goddess,Female
Gordon Lunas,Dead,Human,,Male
Cornvelious Daniel,Dead,Alien,Gromflomite,Male
Gwendolyn,unknown,Robot,Gazorpian reproduction robot,Female
Hammerhead Morty,unknown,Humanoid,Hammerhead-Person,Male
Hamster In Butt,Alive,Animal,,unknown
Hamurai,Dead,Alien,Parasite,Male
Harold,Alive,Cronenberg,,Male
Hemorrhage,Alive,Human,,Male
Hole in the Wall Where the Men Can See it All,unknown,unknown,Hole,Genderless
Hookah Alien,Alive,Alien,Tuskfish,unknown
Hunter,Dead,Human,Clone,Male
Hunter's Father,Alive,Human,,Male
Hydrogen-F,Alive,Alien,Alphabetrian,Female
Ice-T,Alive,Alien,Alphabetrian,Male
Ideal Jerry,Dead,Mythological Creature,Mytholog,Male
Insurance Rick,unknown,Human,,Male
Investigator Rick,Dead,Human,,Male
Invisi-trooper,Alive,Human,,Male
Izzy,Alive,Animal,Cat,unknown
Jackie,Alive,Alien,Gazorpian,Female
Jacob,Alive,Human,,Male
Jacqueline,Alive,Human,,Female
Jaguar,Alive,Human,,Male
Jamey,Alive,Human,,Male
Jan-Michael Vincent,Alive,Human,,Male
Jerry 5-126,Alive,Human,,Male
Jerry Smith,Alive,Human,,Male
Celebrity Jerry,Alive,Human,,Male
Jerry Smith,Alive,Human,,Male
Jerry's Mytholog,Dead,Mythological Creature,Mytholog,Male
Jessica,Alive,Cronenberg,,Female
Jessica,Alive,Human,Time God,Female
Jessica's Friend,Alive,Human,,Female
Jim,Alive,Human,,Male
Johnny Depp,Alive,Human,,Male
Jon,Alive,Alien,Gazorpian,Male
Joseph Eli Lipkip,Alive,Human,,Male
Joyce Smith,Alive,Human,,Female
Juggling Rick,unknown,Human,,Male
Karen Entity,Alive,Alien,Unknown-nippled alien,Female
Katarina,Dead,Human,,Female
Keara,Alive,Alien,Krootabulan,Female
Kevin,Dead,Alien,Zigerion,Male
King Flippy Nips,Alive,Alien,Plutonian,Male
King Jellybean,Dead,Mythological Creature,Jellybean,Male
Kozbian,Alive,Alien,Tentacle alien,unknown
Kristen Stewart,Alive,Human,,Female
Krombopulos Michael,Dead,Alien,Gromflomite,Male
Kyle,Dead,Humanoid,Miniverse inhabitant,Male
Lady Katana,Dead,Humanoid,Cyborg,Female
Larva Alien,Alive,Alien,Larva alien,unknown
Lawyer Morty,unknown,Human,,Male
Leonard Smith,Alive,Human,,Male
Lighthouse Keeper,Dead,Alien,Cat-Person,Male
Lil B,Dead,Alien,Snail alien,Male
Lisa,Dead,Alien,,Female
Little Dipper,Alive,Humanoid,Tinymouth,Male
Lizard Morty,Alive,Humanoid,Lizard-Person,Male
Loggins,Alive,Alien,Alligator-Person,Male
Logic,Alive,Human,,Male
Long Sleeved Morty,unknown,Human,,Male
Lucy,Dead,Human,,Female
Ma-Sha,Alive,Alien,Gazorpian,Female
Magma-Q,Dead,Alien,Alphabetrian,Male
Magnesium-J,Alive,Alien,Alphabetrian,Male
Man Painted Silver Who Makes Robot Noises,Alive,Human,,Male
Maximums Rickimus,Dead,Human,,Male
MC Haps,Alive,Human,,Male
Mechanical Morty,Dead,Robot,,Male
Mechanical Rick,unknown,Robot,,Male
Mechanical Summer,unknown,Robot,,Female
Mega Fruit Farmer Rick,Alive,Human,,Male
Melissa,Alive,Mythological Creature,Monster,Female
Michael Denny and the Denny Singers,Alive,Human,,Male
Michael Jenkins,Dead,Human,,Male
Michael McLick,Alive,Human,,Male
Michael Thompson,Alive,Humanoid,Conjoined twin,Male
Million Ants,Dead,Animal,Sentient ant colony,Male
Mitch,Alive,Human,,Male
Mohawk Guy,Dead,Human,,Male
Morty Mart Manager Morty,Alive,Human,,Male
Morty Jr.,Alive,Humanoid,Human Gazorpian,Male
Morty Rick,unknown,Human,,Male
Morty Smith,Alive,Human,,Male
Morty K-22,Alive,Human,,Male
Morty Smith,Dead,Human,,Male
Mortytown Loco,Dead,Human,,Male
Mr. Beauregard,Dead,Alien,Parasite,Male
Mr. Benson,Alive,Human,,Male
Mr. Booby Buyer,Alive,Mythological Creature,Boobie buyer reptilian,Male
Mr. Goldenfold,Alive,Cronenberg,,Male
Mr. Goldenfold,Alive,Human,,Male
Mr. Marklovitz,Alive,Human,,Male
Mr. Meeseeks,unknown,Humanoid,Meeseeks,Male
Mr. Needful,Alive,Humanoid,The Devil,Male
Mr. Poopybutthole,Alive,Poopybutthole,,Male
Mrs. Lipkip,Alive,Human,,Female
Mrs. Pancakes,Alive,Human,,Female
Amy Poopybutthole,Alive,Poopybutthole,,Female
Mrs. Refrigerator,Dead,Alien,Parasite,Female
Mrs. Sanchez,unknown,Human,,Female
Mrs. Sullivan,Dead,Human,Cat controlled dead lady,Female
Nancy,Alive,Human,,Female
Noob-Noob,Alive,Poopybutthole,,Male
Numbericon,unknown,Alien,Numbericon,unknown
Octopus Man,Alive,Humanoid,Octopus-Person,Male
Orthodox Jew,Alive,Human,,Male
Pat Gueterman,Dead,Robot,,Male
Paul Fleishman,Alive,Human,,Male
Pawnshop Clerk,Alive,Alien,,Male
Pencilvester,Dead,Alien,Parasite,Male
Phillip Jacobs,Alive,Human,,Male
Photography Cyborg,unknown,Robot,,Male
Photography Raptor,Dead,Alien,Parasite,unknown
Pibbles Bodyguard,Alive,Alien,Hairy alien,Male
Pichael Thompson,Alive,Humanoid,Conjoined twin,Male
Pickle Rick,Alive,unknown,Pickle,Male
Piece of Toast,Alive,unknown,Bread,Genderless
Plumber Rick,Alive,Human,,Male
Poncho,Dead,Human,,Male
Presidentress of The Mega Gargantuans,Alive,Humanoid,Mega Gargantuan,Female
Prince Nebulon,Dead,Alien,Zigerion,Male
Principal Vagina,Alive,Cronenberg,,Male
Principal Vagina,Alive,Human,,Male
Purge Planet Ruler,Dead,Alien,Cat-Person,Male
Quantum Rick,unknown,Human,,Male
Randy Dicknose,Alive,Human,,Male
Rat Boss,Dead,Animal,Rat,unknown
Real Fake Doors Salesman,Alive,Human,,Male
Regional Manager Rick,Dead,Human,,Male
Regular Legs,Alive,Human,,Male
Reverse Giraffe,Dead,Alien,Parasite,Male
Reverse Rick Outrage,Dead,Human,,Male
Revolio Clockberg Jr.,unknown,Alien,Gear-Person,Male
Rick D. Sanchez III,Dead,Human,,Male
Rick Guilt Rick,unknown,Human,,Male
Rick Prime,Dead,Human,,Male
Rick D-99,Dead,Human,,Male
Rick D716,Dead,Human,,Male
Rick D716-B,Alive,Human,,Male
Rick D716-C,Alive,Human,,Male
Rick Sanchez,Dead,Human,,Male
Rick J-22,Alive,Human,,Male
Rick K-22,Alive,Human,,Male
Rick Sanchez,Dead,Human,,Male
Ricktiminus Sancheziminius,Dead,Human,,Male
Riq IV,Dead,Human,,Male
Risotto Groupon,Dead,Alien,Blue ape alien,Male
Risotto's Tentacled Henchman,Dead,Alien,Tentacle alien,Male
Robot Morty,unknown,Robot,,Male
Robot Rick,unknown,Robot,,Male
Roger,Dead,Human,,Male
Ron Benson,Alive,Alien,Ring-nippled alien,Male
Ruben,Dead,Human,,Male
Samantha,Alive,Human,,Female
Scary Brandon,Alive,Mythological Creature,Monster,Male
Scary Glenn,Alive,Mythological Creature,Monster,Male
Scary Terry,Alive,Mythological Creature,Monster,Male
Scroopy Noopers,Alive,Alien,Plutonian,Male
Scropon,unknown,Alien,Lobster-Alien,Male
Scrotian,Alive,Animal,Scrotian,Male
Self-Congratulatory Jerry,unknown,Mythological Creature,Mytholog,Male
Shimshamian,Alive,Alien,Shimshamian,Male
Shlaammi,Alive,Alien,,unknown
Shleemypants,Alive,unknown,Omniscient being,Male
Shmlamantha Shmlicelli,Alive,Human,,Female
Shmlangela Shmlobinson-Shmlower,Alive,Human,,Female
Shmlona Shmlobinson,Alive,Human,,Female
Shmlonathan Shmlower,Alive,Human,,Male
Shmlony Shmlicelli,Alive,Human,,Male
Shmooglite Runner,unknown,Alien,Animal,Male
Shnoopy Bloopers,unknown,Alien,,Male
Shrimply Pibbles,Alive,Alien,,Male
Simple Rick,Dead,Human,,Male
Slaveowner,Dead,Human,,Male
Sleepy Gary,Dead,Alien,Parasite,Male
Slick Morty,Dead,Human,,Male
Slippery Stair,Alive,Mythological Creature,Slug,Male
Slow Mobius,Alive,Humanoid,,Male
Slow Rick,Alive,Human,,Male
Snuffles (Snowball),Alive,Animal,Dog,Male
Solicitor Rick,unknown,Human,,Male
Squanchy,unknown,Alien,Cat-Person,Male
Stacy,Alive,Human,,Female
Stair Goblin,Alive,Mythological Creature,Stair goblin,Genderless
Stealy,Alive,Poopybutthole,,Male
Steve,Alive,Human,,Male
Steven Phillips,Alive,Alien,Unknown-nippled alien,Male
Stu,Dead,Alien,Zigerion,Male
Summer Smith,Alive,Human,,Female
Summer Smith,Alive,Human,,Female
Supernova,Alive,Human,Superhuman,Female
Taddy Mason,Alive,Human,,Male
Taint Washer,Alive,Human,,Male
Tammy Guetermann,Alive,Cronenberg,,Female
Tammy Guetermann,Dead,Human,,Female
Teacher Rick,Alive,Human,,Male
Terry,unknown,Human,,Male
President Curtis,Alive,Human,,Male
The President of the Miniverse,Dead,Humanoid,Miniverse inhabitant,Male
The Scientist Formerly Known as Rick,Dead,Human,,Male
Thomas Lipkip,unknown,Human,,Male
Three Unknown Things,Alive,Alien,,unknown
Tinkles,Dead,Alien,Parasite,Female
Tiny Rick,Dead,Human,Clone,Male
Toby Matthews,Alive,Human,,Male
Todd Crystal,Alive,Alien,Unknown-nippled alien,Male
Tom Randolph,Alive,Human,,Male
Tommy's Clone,Alive,Human,Clone,Male
Tophat Jones,Dead,Mythological Creature,Leprechaun,Male
Tortured Morty,unknown,Human,,Male
Toxic Morty,Dead,Humanoid,Morty's toxic side,Male
Toxic Rick,Dead,Humanoid,Rick's toxic side,Male
Traflorkian,Alive,Alien,Traflorkian,unknown
Trandor,Alive,Alien,Krootabulan,Male
Tree Person,Dead,Humanoid,Teenyverse inhabitant,unknown
Tricia Lange,Alive,Human,,Female
Trunk Morty,Alive,Humanoid,Trunk-Person,Male
Trunk Man,Alive,Humanoid,Trunk-Person,Male
Truth Tortoise,unknown,Mythological Creature,Omniscient being,Male
Tusked Assassin,unknown,Alien,Tuskfish,Male
Two Guys with Handlebar Mustaches,Alive,Human,,Male
Tumblorkian,Alive,Alien,Tumblorkian,Male
Unity,Alive,Alien,Hivemind,Genderless
Unmuscular Michael,Alive,Human,,Male
Vampire Master,Alive,Mythological Creature,Vampire,Male
Vance Maximus,Dead,Human,,Male
Veronica Ann Bennet,Alive,Alien,Gazorpian,Female
Voltematron,Dead,Alien,Parasite,unknown
Wall Crawling Rick,unknown,Humanoid,Lizard-Person,Male
Wedding Bartender,unknown,Alien,,Male
Unknown Rick,unknown,Human,,Male
Woman Rick,Alive,Alien,Chair,Female
Worldender,Dead,Alien,,Male
Yaarb,Alive,Alien,,Male
Yellow Headed Doctor,Alive,Alien,,Male
Yellow Shirt Rick,unknown,Human,,Male
Zarbadar Gloonch,Dead,Alien,Drumbloxian,Female
Zarbadar's Mytholog,unknown,Mythological Creature,Mytholog,Female
Zeep Xanflorp,Alive,Humanoid,Microverse inhabitant,Male
Zeta Alpha Rick,Dead,Human,,Male
Zick Zack,Dead,Alien,Floop Floopian,Male
Uncle Steve,Dead,Alien,Parasite,Male
Bearded Morty,Alive,Human,,Male
Roy,Alive,Human,Game,Male
Davin,Dead,Cronenberg,,Male
Greebybobe,Alive,Alien,Greebybobe,unknown
Scary Teacher,Alive,Mythological Creature,Monster,Male
Fido,Alive,Animal,Dog,Male
Accountant dog,Alive,Animal,Dog,Male
Tiny-persons advocacy group lawyer,Alive,Mythological Creature,Giant,Male
Giant Judge,Alive,Mythological Creature,Giant,Male
Morty Jr's interviewer,Alive,Human,,Male
Guy from The Bachelor,Alive,Human,,Male
Corn detective,Dead,Humanoid,Corn-person,Male
Michael Jackson,Alive,Humanoid,Phone-Person,Male
Trunkphobic suspenders guy,Alive,Human,,Male
Spiderweb teddy bear,Alive,Animal,Teddy Bear,unknown
Regular Tyrion Lannister,Alive,Human,,Male
Quick Mystery Presenter,Alive,Human,,Male
Mr. Sneezy,Alive,Human,Little Human,Male
Two Brothers,Alive,Human,,Male
Alien Mexican Armada,unknown,Alien,Mexican,Male
Giant Cat Monster,unknown,Animal,Giant Cat Monster,unknown
Old Women,unknown,Human,Old Amazons,Female
Trunkphobic guy,Alive,Human,,Male
Pro trunk people marriage guy,Alive,Human,,Male
Muscular Mannie,Alive,Human,Mannie,Male
Baby Legs Chief,Alive,Human,,Male
Mrs. Sullivan's Boyfriend,Alive,Human,Necrophiliac,Male
Plutonian Hostess,Alive,Alien,Plutonian,Female
Plutonian Host,Alive,Alien,Plutonian,Male
Rich Plutonian,Alive,Alien,Plutonian,Female
Rich Plutonian,Alive,Alien,Plutonian,Male
Synthetic Laser Eels,Alive,Animal,Eel,unknown
Pizza-person,Alive,Humanoid,Pizza,Male
Pizza-person,Alive,Humanoid,Pizza,Male
Greasy Grandma,Alive,Human,Grandma,Female
Phone-person,Alive,Humanoid,Phone,Male
Phone-person,Alive,Humanoid,Phone,Male
Chair-person,Alive,Humanoid,Chair,Male
Chair-person,Alive,Humanoid,Chair,Male
Chair-homeless,Alive,Humanoid,Chair,Male
Chair-waiter,Alive,Humanoid,Chair,Male
Doopidoo,Alive,Animal,Doopidoo,unknown
Super Weird Rick,unknown,Human,,Male
Pripudlian,Alive,Alien,Pripudlian,unknown
Giant Testicle Monster,Alive,Alien,,unknown
Michael,Alive,Human,,Male
Michael's Lawyer,Alive,Human,,Male
Veterinary,Alive,Human,,Female
Veterinary Nurse,Alive,Human,,Male
Bearded Jerry,Alive,Human,,Male
Shaved Head Jerry,Alive,Human,,Male
Tank Top Jerry,Alive,Human,,Male
Pink Polo Shirt Jerry,Alive,Human,,Male
Jerryboree Keeper,Alive,Alien,,Female
Jerryboree Receptionist,Alive,Alien,,Male
Anchor Gear,Alive,Alien,Gear-Person,Male
Gear Cop,Dead,Alien,Gear-Person,Male
Roy's Mum,Alive,Human,Game,Female
Roy's Wife,Alive,Human,Game,Male
Roy's Son,Alive,Human,Game,Male
Simon,Alive,Human,,Male
Vampire Master's Assistant,Alive,Mythological Creature,Vampire,Male
Arbolian Mentirososian,Alive,Alien,,unknown
St. Gloopy Noops Nurse,Alive,Alien,,Female
Nano Doctor,Alive,Alien,Nano Alien,Male
Funny Songs Presenter,Alive,Human,,Male
Tax Attorney,unknown,Human,,Male
Butthole Ice Cream Guy,Alive,Alien,,Male
Traflorkian Journalist,Alive,Alien,Traflorkian,Male
Communication's Responsible Rick,Dead,Human,,Male
Teleportation's Responsible Rick,unknown,Human,,Male
SEAL Team Rick,Dead,Human,,Male
SEAL Team Rick,Dead,Human,,Male
SEAL Team Rick,Dead,Human,,Male
SEAL Team Rick,Dead,Human,,Male
Morphizer-XE Customer Support,Alive,Alien,,Male
Morphizer-XE Customer Support,Alive,Alien,,Male
Morphizer-XE Customer Support,unknown,Alien,,Male
Alien Spa Employee,Alive,Alien,,Male
Little Voltron,Alive,Robot,,Genderless
Baby Rick,Alive,Human,Clone,Male
Bartender Morty,Alive,Human,,Male
Dancer Cowboy Morty,Alive,Human,,Male
Dancer Morty,Alive,Human,,Male
Flower Morty,Alive,Human,Human with a flower in his head,Male
Hairdresser Rick,Alive,Human,,Male
Journalist Rick,Alive,Human,,Male
Private Sector Rick,Dead,Human,,Male
Purple Morty,Alive,Alien,,Male
Retired General Rick,unknown,Human,,Male
Secret Service Rick,Alive,Human,,Male
Steve Jobs Rick,Alive,Human,,Male
Sheik Rick,Dead,Human,,Male
Modern Rick,Alive,Human,,Male
Tan Rick,Dead,Human,,Male
Visor Rick,Dead,Human,,Male
Colonial Rick,Dead,Human,,Male
P-Coat Rick,Dead,Human,,Male
Chang,Alive,Human,,Male
Dr. Eleanor Arroway,Alive,Human,,Female
Varrix,Alive,Alien,,unknown
Secretary of the Interior,Alive,Human,,Male
Crystal Poacher,Dead,Alien,,Male
Crystal Poacher,Dead,Alien,,Male
Crystal Poacher,Dead,Alien,,Male
Hologram Rick,Dead,Humanoid,Hologram,Male
Fascist Rick,Dead,Human,,Male
Fascist Morty,Dead,Human,,Male
Fascist Mr. President,Alive,Human,,Male
Fascist Rick’s Clone,Dead,Human,Clone,Male
Revolio Clockberg Jr.,Dead,Alien,Gear-Person,Male
Fascist Shrimp Rick,Alive,Animal,Shrimp,Male
Fascist Shrimp Rick’s Clone,Dead,Animal,Shrimp,Male
Fascist Shrimp Morty,Alive,Animal,Shrimp,Male
Fascist Shrimp SS,Alive,Animal,Shrimp,Male
Fascist Teddy Bear Rick,Alive,Animal,Teddy Bear,Male
Fascist Teddy Bear Rick’s Clone,Dead,Animal,Teddy Bear,Male
Bully,unknown,Human,,Male
Anchorman,Alive,Human,,Male
Anchorwoman,Alive,Human,,Female
Morty’s Lawyer,Alive,Human,,Male
Judge,Dead,Human,,Female
Public Opinion Judge,Alive,Human,,Female
Caterpillar Mr. Goldenfold,Dead,Animal,Caterpillar,Male
Wasp Rick,Alive,Animal,Wasp,Male
Wasp Rick’s Clone,unknown,Animal,Wasp,Male
Wasp Morty,Alive,Animal,Wasp,Male
Wasp Summer,Alive,Animal,Wasp,Female
Wasp Jerry,Alive,Animal,Wasp,Male
Wasp Beth,Alive,Animal,Wasp,Female
Caterpillar Mr. Goldenfold’s Larvae,Dead,Animal,Caterpillar,unknown
Boglin,unknown,unknown,Toy,unknown
Kirkland Brand Mr. Meeseeks,unknown,Humanoid,Meeseeks,Male
Glootie,Alive,Alien,Monogatron,Male
Danny Publitz,Alive,Human,,Male
Mothership Intern,Alive,Alien,Monogatron,Male
Monogatron Leader,Alive,Alien,Monogatron,Male
Lizard,Dead,Alien,Lizard,Male
Deliverance,Dead,Robot,,Genderless
Tony,Dead,Alien,,Male
Tony’s Wife,Dead,Alien,,Female
Monogatron Queen,Alive,Alien,Monogatron,Female
Tony's Dad,Alive,Alien,,Male
Jeff,Alive,Human,,Male
Josiah,Alive,Human,,Male
Maggie,Alive,Human,,Female
Priest Witherspoon,Alive,Human,,Male
Richard,Alive,Human,,Male
Running Bird,Alive,Human,,Male
Secretary at Tony's,Alive,Alien,,Female
Mountain Sweat Jerry,Alive,Human,,Male
Vermigurber,Alive,Alien,Fly,Male
Miles Knightly,Dead,Alien,,Male
Heist-Con Receptionist,Alive,Alien,,Female
Angie Flint,Alive,Human,Cyborg,Female
Glar,Alive,Alien,,Male
Truckula,Alive,Mythological Creature,Vampire,Male
Snake Arms,Alive,Alien,,Male
Double Microwawe,Alive,Humanoid,Cyborg,Male
Monitor Lord,Alive,Alien,,Male
Key Catcher,Alive,Alien,,Female
The Shapeshiftress,Alive,Alien,Shapeshifter,Female
Heistotron,Dead,Robot,,Genderless
Randotron,Dead,Robot,,Genderless
Hephaestus,Alive,Mythological Creature,God,Male
Ventriloquiver,Alive,Humanoid,Dummy,Female
Elon Tusk,Alive,Human,Human with tusks,Male
Gramuflackian Anchorman,Dead,Alien,Gramuflackian,Male
Gramuflackian General,Dead,Alien,Gramuflackian,Male
Netflix Executive,Alive,Human,,Male
Balthromaw,Alive,Mythological Creature,Dragon,Male
The Wizard,Dead,Human,,Male
Talking Cat,Alive,Animal,,Male
Debrah,Alive,Mythological Creature,Dragon,Male
Debrah’s Partner,Alive,Mythological Creature,Dragon,Male
Michael,Alive,Mythological Creature,Dragon,Male
Slut Dragon,Alive,Mythological Creature,Dragon,Male
Shadow Jacker,Alive,Mythological Creature,Dragon,Male
Chachi,Dead,Alien,,Male
Slippy,Alive,Animal,Snake,Female
Robot Snake,unknown,Robot,Snake,Genderless
Snake Hitler,Dead,Animal,Snake,Male
Snake Lincoln,Dead,Animal,Snake,Male
Snake Resistance Robot,Dead,Robot,Human-Snake hybrid,Genderless
Snake Linguist,unknown,Animal,Snake,Male
Snake Terminator,unknown,Robot,Snake,Male
Snake Soldier,Alive,Animal,Snake,Male
Snake with Legs,Alive,Animal,Snake,Male
Secret Service Snake,Alive,Animal,Snake,Male
Anchosnake,Alive,Animal,Snake,Male
Anchosnake,Alive,Animal,Snake,Female
80's snake,unknown,Animal,Snake,Male
Bar Customer,Alive,Human,,Male
Bartender,Alive,Human,,Female
PC Basketball Player,Alive,Human,,Male
Cavesnake,Dead,Animal,Snake,Male
Pet Shop Employee,Alive,Human,,Male
Snake Reporter,Alive,Animal,Snake,Male
High Pilot,unknown,Human,,Male
High Pilot,unknown,Human,,Male
Phoenixperson,Dead,Alien,Cyborg,Male
Tickets Please Guy,Dead,Human,Soulless Puppet,Male
Floaty Bloody Man,Dead,Human,Half Soulless Puppet,Male
Floaty Non-Gasm Brotherhood Member,Dead,Alien,Soulless Puppet,Male
Floaty Non-Gasm Brotherhood Member Friend,Dead,Alien,Soulless Puppet,Female
Abradolf Lincler,Alive,Human,Soulless Puppet,Male
Biblesaurus,Alive,Animal,Soulless Puppet,Male
Birdperson,Alive,Alien,Soulless Puppet,Male
Cats Fan,Alive,Alien,Soulless Puppet,Female
Christmas Storyteller,Alive,Alien,Soulless Puppet,Male
Cookies Guy,Alive,Human,Soulless Puppet,Male
Crossy,Alive,unknown,Soulless Puppet,Genderless
Female Scorpion,Dead,Animal,Soulless Puppet,Female
Floaty Bloody Man’s Daughter,Dead,Human,Soulless Puppet,Female
Goomby,Alive,Alien,Soulless Puppet,Male
Hairspray Fan,Alive,Alien,Soulless Puppet,Female
Jesus Christ,Alive,Human,Soulless Puppet,Male
Josh,Dead,Human,Soulless Puppet,Male
Josh's Sister,Dead,Human,Soulless Puppet,Female
Leah,Alive,unknown,Soulless Puppet,Female
Marcus,Alive,Human,Soulless Puppet,Male
Mike Johnson,Alive,Human,Soulless Puppet,Male
Mr. Celery & Friends,Alive,unknown,Soulless Puppet,Genderless
Musical Fan,Alive,Alien,Soulless Puppet,Male
Phantom of the Opera Fan,Alive,Alien,Soulless Puppet,Male
Phoenixperson,Alive,Alien,Soulless Puppet,Male
Private Smith,unknown,Human,Soulless Puppet,Male
Professor Sanchez,Dead,Human,Soulless Puppet,Male
Ramamama Lord,Alive,Human,Soulless Puppet,Male
Ruth Bader Ginsburg,Alive,Human,Soulless Puppet,Female
Sarge,Alive,Human,Soulless Puppet,Male
Shrek The Musical Fan,Alive,Alien,Soulless Puppet,Male
Snuffles,Alive,Animal,Soulless Puppet,Male
Storylord,Alive,Human,Soulless Puppet,Male
Tammy Guetermann,Alive,Human,Soulless Puppet,Female
The Concept of Time,Alive,unknown,Soulless Puppet,Genderless
Beth Smith,Alive,Human,Soulless Puppet,Female
Summer Smith,Alive,Human,Soulless Puppet,Female
Morty Smith,Alive,Human,Soulless Puppet,Male
Rick Sanchez,Alive,Human,Soulless Puppet,Male
Train Cop,Dead,Human,Soulless Puppet,Male
Train Cops,Alive,Human,Soulless Puppet,Female
Train Cops Instructor,Dead,Human,Soulless Puppet,Male
Darth Poopybutthole,Alive,Poopybutthole,Soulless Puppet,Male
Evil Morty,Alive,Human,Soulless Puppet,Male
Morty’s Disguise,Alive,Human,Soulless Puppet,Female
Rick’s Disguise,Alive,Human,Soulless Puppet,Male
Uncle Nibbles,Dead,Alien,Soulless Puppet,Male
Angry Glorzo,Dead,Alien,Glorzo,Male
Bruce,Dead,Alien,Glorzo,Male
Council of Glorzos Member,Dead,Alien,Glorzo,Male
Council of Glorzos Member,Dead,Alien,Glorzo,Male
Old Glorzo,Dead,Alien,Glorzo,Male
Shane,unknown,Alien,Glorzo,Male
Steve,Dead,Alien,Glorzo,Male
Troy,Dead,Alien,Glorzo,Male
Crystal Dealers Boss,Dead,Alien,,Male
Crystal Dealer,Dead,Alien,,Male
Crystal Dealer,Dead,Alien,,Male
Crystal Dealer,Dead,Alien,,Male
SWAT Officer,Dead,Human,,Male
Plane Crash Survivor,unknown,Human,,Female
Plane Crash Survivor,unknown,Human,,Male
Heroine Keith,Alive,Human,,Male
Impervious to Acid SWAT Officer,Dead,Human,,Male
Johnny Carson,Alive,Human,,Male
Sonia Sotomayor,Alive,Human,,Female
Morty’s Father-in-law,Alive,Human,,Male
Morty’s Mother-in-law,Alive,Human,,Female
Morty’s Girlfriend,Alive,Human,,Female
Gaia,Alive,unknown,Planet,Female
Reggie,Dead,Mythological Creature,Zeus,Male
Ticktock,unknown,Humanoid,Clay-Person,Genderless
Florflock,Alive,Humanoid,Clay-Person,Genderless
Squeeb,Alive,Humanoid,Clay-Person,Genderless
Defiance Beth,Alive,Human,Clone,Female
Defiance Squanchette,Alive,Alien,Cat-Person,Female
Defiance Doctor,Alive,Alien,,Male
New Improved Galactic Federation Guard,Dead,Alien,Gromflomite,Male
New Improved Galactic Federation Guard,Dead,Alien,Gromflomite,Male
Mr. Nimbus,Alive,Mythological Creature,Sexy Aquaman,Male
Hoovy,Dead,Humanoid,Narnian,Male
Bova,Dead,Humanoid,Narnian,Female
Japheth,Dead,Humanoid,Narnian,Male
Japheth's Middle Son,Dead,Humanoid,Narnian,Male
Japheth's Eldest Son,Dead,Humanoid,Narnian,Male
Japheth's Youngest Son,Dead,Humanoid,Narnian,Male
Japheth's Grandson,Dead,Humanoid,Narnian,Male
Adam,Dead,Humanoid,Narnian,Male
Adam's Mother,Dead,Humanoid,Narnian,Female
Warlock,Dead,Humanoid,Narnian,Male
Evolved Narnian,Alive,Humanoid,Narnian,Male
Mr. Nimbus Secretary,Alive,Animal,Starfish,Female
Evolved Narnian Disguised as Morty,Alive,Humanoid,Narnian,Male
Mr. Nimbus' Squid,Dead,Animal,Squid,Male
Scarecrow Rick,Dead,Robot,Decoy,Male
Scarecrow Summer,Dead,Robot,Decoy,Female
Scarecrow Jerry,Dead,Robot,Decoy,Male
Scarecrow Morty,Dead,Robot,Decoy,Male
Scarecrow Beth,Dead,Robot,Decoy,Female
Glockenspiel Jerry,Alive,Robot,Decoy,Male
Glockenspiel Beth,Dead,Robot,Decoy,Female
Glockenspiel Rick,Dead,Robot,Decoy,Male
Glockenspiel Summer,Dead,Robot,Decoy,Female
Glockenspiel Morty,Dead,Robot,Decoy,Male
Wicker Beth,Dead,Robot,Decoy,Female
Wicker Rick,Dead,Robot,Decoy,Male
Wicker Morty,Dead,Robot,Decoy,Male
Wicker Summer,Dead,Robot,Decoy,Female
Metal Rick,Dead,Robot,Decoy,Male
Gun Brain Rick,Dead,Robot,Decoy,Male
Mr. Always Wants to be Hunted,Alive,Poopybutthole,,Male
Squid Costume Beth,Dead,Robot,Decoy,Female
Squid Costume Jerry,Dead,Robot,Decoy,Male
Squid Costume Morty,Dead,Robot,Decoy,Male
Squid Costume Rick,Dead,Robot,Decoy,Male
Squid Costume Summer,Dead,Robot,Decoy,Female
Dracula,Alive,Mythological Creature,Vampire,Male
Steve,Alive,Human,,Male
When Wolf,Alive,Mythological Creature,Whenwolf,Male
Too Cute to Murder Beth,Dead,Robot,Decoy,Female
Too Cute to Murder Rick,Dead,Robot,Decoy,Male
Too Cute to Murder Jerry,Dead,Robot,Decoy,Male
Too Cute to Murder Morty,Dead,Robot,Decoy,Male
Too Cute to Murder Summer,Dead,Robot,Decoy,Female
Planetina,Alive,Humanoid,Summon,Female
Daphne,Alive,Alien,Morglutzian,Female
Diesel Weasel,Alive,Animal,Weasel,Male
Eddie,Dead,Human,,Male
Xing Ho,Dead,Human,,Female
Air Tina-Teer,Dead,Human,,Female
Water Tina-Teer,Dead,Human,,Male
Planetina Buyer,Dead,Human,,Male
Tony Galopagus,Alive,Human,,Male
Sticky,Alive,unknown,Super Sperm Monster,Male
Professor Shabooboo,Dead,Human,,Male
Sperm Queen,Dead,unknown,Super Sperm Monster,Female
CHUD King,Alive,Animal,CHUD,Male
Princess Ponietta,Alive,Animal,CHUD,Female
Naruto Smith,Alive,Humanoid,Giant Incest Baby,Male
Blazen,Dead,Human,,Male
Kathy Ireland,Alive,Human,,Female
Amazing Johnathan,Alive,Human,,Male
Foal Sanchez,Alive,Humanoid,CHUD Human Mix,unknown
Spaceman,Dead,Human,,Male
Cirque du Soleil Zumanity Member,Alive,Human,,Female
Cirque du Soleil Zumanity Member,Alive,Human,,Male
Cirque du Soleil Zumanity Member,Alive,Human,,Female
Cirque du Soleil Zumanity Member,Dead,Human,,Female
Cirque du Soleil Zumanity Member,Alive,Human,,Female
Bruce Chutback,Alive,Human,,Male
Alyson Hannigan,Dead,Alien,,Female
Cenobite,unknown,Mythological Creature,Demon,Male
Cenobite,unknown,Mythological Creature,Demon,Female
Cenobite,unknown,Mythological Creature,Demon,Male
Cenobite,unknown,Mythological Creature,Demon,Male
Cenobite,unknown,Mythological Creature,Demon,Male
Coat Rack Head,unknown,Mythological Creature,Demon,Male
Mousetrap Nipples,unknown,Mythological Creature,Demon,Male
Changeformer,Dead,Robot,Changeformer,Male
Changeformer,Dead,Robot,Changeformer,Male
Space Cruiser,Alive,Robot,Artificial Intelligence,Female
Coop,Alive,Human,,Male
Dwayne,Alive,Human,,Male
Franklin D. Roosevelt,Dead,Humanoid,Guinea Pig for the Polio Vaccine,Male
President's General,Alive,Human,,Male
Giant Assassin Hidden in the Statue of Liberty,Alive,Robot,,Female
Turkey Morty,Alive,Animal,Turkey,Male
Turkey Rick,Alive,Animal,Turkey,Male
Turkey President Curtis,Alive,Animal,Turkey,Male
Martínez,Dead,Animal,Turkey,Male
Marvin,Alive,Human,,Male
Jackey,Alive,Human,,Male
Native Alien,Alive,Alien,,Male
Pilgrim Alien,Alive,Alien,,Male
President Turkey,Dead,Humanoid,Turkey Human Mix,Male
Mary-Lou,Alive,Human,,Female
Big Fat rick,unknown,Human,,Male
Hothead Rick,Dead,Human,,Male
Ricardo Montoya,unknown,Human,,Male
Wrap-it-up Little Rick,Dead,Human,,Male
Yo-yo Rick,unknown,Human,,Male
Voiceoverian,Dead,Alien,Parasite,unknown
Voiceoverian,Dead,Alien,Parasite,unknown
Gotron Pilot,Dead,Human,Anime,Male
Gotron Pilot,Dead,Human,Anime,Male
Gotron Pilot,Dead,Human,Anime,Male
Young Memory Rick,Alive,Human,Memory,Male
Memory Tammy,Dead,Human,Memory,Female
Rick's Garage,Alive,Robot,Artificial Intelligence,Female
Memory Squanchy,Dead,Alien,Memory,Male
Memory Rick,Dead,Human,Memory,Male
Memory Rick,Dead,Human,Memory,Male
Memory Geardude,Dead,Alien,Memory,Male
Birdperson & Tammy's Child,Alive,Humanoid,Bird-Person Human Mix,Female
Two Crows,Alive,Animal,Crow,unknown
Mr. Cookie President,Alive,Alien,Cookie,Male
Nick,Dead,Human,,Male
Harold (Garbage Goober),Alive,Alien,,Male
Harold's Wife,Alive,Alien,,Female
Alien Crow,Dead,Alien,Crow,Male
Alien Crow,Dead,Alien,Crow,Female
Samansky,Dead,Alien,Normal Size Bug,Male
Palicki,Alive,Alien,Normal Size Bug,Male
Sarge,Alive,Alien,Normal Size Bug,Male
Slartivartian,Dead,Alien,Slartivartian,Male
Ferkusian,Alive,Alien,Ferkusian,Male
Morglutzian,Dead,Alien,Morglutzian,Male
Super Turkey,Dead,Humanoid,Turkey Human Mix,Male
7+7 Years Old Morty,unknown,Human,,Male
26 Years Old Morty,Dead,Human,,Male
40 Years Old Morty,unknown,Human,,Male
Andy,unknown,Human,Mascot,Male
Baby Mouse Skin Morty,Alive,Human,,Male
Metaphor for Capitalism,Dead,Humanoid,,Male
Beth Sanchez,Dead,Human,,Female
Crow Scare,Alive,Humanoid,Scarecrow,Male
Pussifer,Dead,Animal,Tiger,Male
Stan Lee Rick,unknown,Human,,Male
Re-Build-a-Morty Morty,unknown,Human,,Male
Deformed Morty,Dead,Humanoid,,Male
Crow Horse,Alive,Robot,Crow Horse,unknown
Bald Rick,Dead,Human,,Male
Punk Rick,Dead,Human,,Male
Party Rick,Dead,Human,,Male
Scar Rick,Dead,Human,,Male
Long Hair Rick,unknown,Human,,Male
Redhead Rick,Dead,Human,,Male
Redhead Morty,Dead,Human,,Male
Gotron,unknown,Robot,Ferret Robot,Genderless
Young Jerry,unknown,Human,,Male
Young Beth,unknown,Human,,Female
Young Beth,unknown,Human,,Female
Young Jerry,unknown,Human,,Male
Butter Robot,Alive,Robot,Passing Butter Robot,Genderless
